sample,accuracy,precision,recall,f1_score,roc_auc,gini,average_precision,brier_score
train,0.75625,0.5675675675675675,0.7875,0.6596858638743456,0.8481770833333333,0.6963541666666666,0.6992566223782491,0.16104614936277692
test,0.72,0.525,0.7,0.6,0.7965476190476191,0.5930952380952381,0.66743314028351,0.18674845325065406
