risk_band,borrowers,defaults,observed_default_rate,average_pd,portfolio_share
high_risk,68,39,0.5735294117647058,0.8000419146720033,0.34
elevated_risk,35,11,0.3142857142857143,0.4872666288208052,0.175
moderate_risk,40,3,0.075,0.2897230177327187,0.2
low_risk,57,7,0.12280701754385964,0.09627442457246947,0.285
