agg_cluster,borrowers,observed_default_rate,avg_predicted_pd,avg_credit_amount,avg_duration_months,total_exposure_proxy,total_expected_loss_proxy,portfolio_share,expected_loss_share
0,299,0.4280936454849498,0.5652269476437576,6532.90635451505,33.50501672240803,1953339,518981.4741838404,0.299,0.7082679649753021
1,701,0.24536376604850213,0.3749799839834519,1880.055634807418,15.527817403708987,1317919,213765.87547489748,0.701,0.2917320350246979
