risk_cluster,borrowers,anomalies,anomaly_rate,avg_predicted_pd,observed_default_rate,total_expected_loss_proxy,anomaly_share
1,282,38,0.1347517730496454,0.5624399817990787,0.425531914893617,508266.57521854393,0.76
0,718,12,0.016713091922005572,0.38057904073891785,0.25069637883008355,224480.7744401939,0.24
