risk_cluster,borrowers,observed_default_rate,avg_predicted_pd,avg_credit_amount,avg_duration_months,avg_age
1,61,0.45901639344262296,0.5875522561488719,7418.55737704918,34.114754098360656,35.77049180327869
0,139,0.2302158273381295,0.37908674454160235,1921.2446043165467,15.870503597122303,36.726618705035975
