risk_cluster,elevated_risk,high_risk,low_risk,moderate_risk
0,0.0707011576607035,0.15279529852015997,0.02924986266814407,0.05360862674682611
1,0.1334131143583346,0.4937503922220173,0.017948041461901487,0.04853350636191313
