risk_band,borrowers,avg_predicted_pd,observed_default_rate,pd_minus_observed_default_rate
high_risk,322,0.7858519862643436,0.6242236024844721,0.16162838377987154
elevated_risk,178,0.502679600931842,0.3258426966292135,0.17683690430262855
moderate_risk,198,0.3008105670514544,0.13131313131313133,0.1694974357383231
low_risk,302,0.09861597781029384,0.04966887417218543,0.04894710363810841
